Workbook

Sheet Petunjuk
B1: PETUNJUK — Kalkulator Anggaran Interior Toko (versi ringkas)
B2: Untuk menentukan kisaran anggaran interior yang masuk akal secara bisnis, cukup dengan 4 data: kategori usaha, luas toko, target penjualan per m², dan lokasi (mall/ruko). Asumsi masa sewa 5 tahun.
B4: LEGENDA WARNA
B5: Isi di sini | C5: KUNING = boleh diisi / diubah.
B6: Rumus | C6: ABU-ABU = dihitung otomatis. Jangan diketik ulang.
B7: Hasil utama | C7: BIRU MUDA = angka yang dibawa ke klien.
B8: Status | C8: Hijau = longgar, kuning = sesuai, merah = tidak cukup.
B10: CARA PAKAI (3 langkah)
B11: Langkah 1 | C11: Buka sheet Kalkulator. Isi 4 sel kuning: kategori usaha (pilih ▼), luas toko (m²), target penjualan per m² per bulan (Rupiah penuh), lokasi (pilih ▼). Isian awal adalah CONTOH — timpa saja.
B12: Langkah 2 | C12: Baca bagian 2: anggaran interior Basic / Standard / Signature (total & per m²). Standard adalah rekomendasi.
B13: Langkah 3 | C13: Baca bagian 3: jika status TIDAK CUKUP (merah), sederhanakan desain atau konfirmasi ulang target penjualan dengan klien. Pakai bagian 4 sebagai batas anggaran tiap elemen desain.
B15: RUMUSNYA
B16: Rumus inti | C16: Anggaran interior = Penjualan per tahun × K
B17: Faktor K | C17: Persentase penjualan setahun yang wajar untuk interior, berbeda per kategori. Usaha bermargin tinggi (F&B, fashion) K-nya besar; margin tipis/stok besar (minimarket, big-box) K-nya kecil.
B18: Cek biaya pasar | C18: Membandingkan anggaran per m² dengan biaya pasar interior per m² di lokasi tersebut.
B20: CATATAN
C21: • Sepakati dengan klien apa saja yang termasuk 'interior' (MEP/AC, rak, signage, fasad?) sebelum mulai desain.
C22: • Semua angka di sheet Parameter adalah kisaran indikatif, bukan data resmi atau milik merek tertentu.
C23: • Sheet Parameter biasanya tidak perlu diubah.

Sheet Kalkulator
B1: KALKULATOR ANGGARAN INTERIOR TOKO (versi ringkas)
B2: Cukup isi 4 data. Asumsi: masa sewa 5 tahun.
B3: Legenda: | C3: Isi di sini | D3: Rumus otomatis | E3: Hasil utama
B5: 1. ISI DATA (4 sel kuning)
B6: Kategori usaha | C6: Perlengkapan rumah & perkakas (big-box) | D6: Pilih dari daftar ▼
B7: Luas toko (m²) | C7: 3000 | D7: Angka saja, contoh: 3000
B8: Target penjualan per m² per bulan (Rp) | C8: 2500000 | D8: Rupiah penuh, contoh: 2500000. Jika data per tahun, bagi 12.
B9: Lokasi | C9: Mall | D9: Pilih Mall atau Ruko ▼
B11: 2. ANGGARAN INTERIOR YANG LAYAK
B12: Penjualan per tahun | C12: =C7*C8*12 -> 90000000000 | D12: Luas × target penjualan per m² × 12 bulan
B14: Tingkat konsep | C14: K | D14: Anggaran total | E14: Anggaran per m² | F14: Arahan konsep
B15: Basic | C15: =INDEX(Parameter!$B$6:$B$14,MATCH($C$6,Parameter!$A$6:$A$14,0)) -> 0.09 | D15: =$C$12*C15 -> 8100000000 | E15: =IF($C$7>0,D15/$C$7,0) -> 2700000 | F15: Fungsional, material standar.
B16: Standard (rekomendasi) | C16: =AVERAGE(C15,C17) -> 0.11 | D16: =$C$12*C16 -> 9900000000 | E16: =IF($C$7>0,D16/$C$7,0) -> 3300000 | F16: Seimbang: royal di area depan, pencahayaan & signage; hemat di belakang.
B17: Signature | C17: =INDEX(Parameter!$C$6:$C$14,MATCH($C$6,Parameter!$A$6:$A$14,0)) -> 0.13 | D17: =$C$12*C17 -> 11700000000 | E17: =IF($C$7>0,D17/$C$7,0) -> 3900000 | F17: Konsep kuat & material lebih baik.
B19: 3. CEK: apakah anggaran cukup untuk biaya pasar?
B20: Biaya pasar interior per m² (min – maks) | C20: =INDEX(Parameter!$D$6:$D$14,MATCH($C$6,Parameter!$A$6:$A$14,0))*INDEX(Parameter!$B$19:$B$20,MATCH($C$9,Parameter!$A$19:$A$20,0)) -> 2000000 | D20: =INDEX(Parameter!$E$6:$E$14,MATCH($C$6,Parameter!$A$6:$A$14,0))*INDEX(Parameter!$B$19:$B$20,MATCH($C$9,Parameter!$A$19:$A$20,0)) -> 4000000 | E20: ← sudah disesuaikan lokasi
B21: STATUS | C21: =IF(E16>=D20,"LONGGAR — anggaran Standard di atas biaya pasar. Ada ruang untuk konsep lebih kuat.",IF(E16>=C20,"SESUAI — anggaran Standard berada di kisaran biaya pasar. Desain kualitas menengah aman.","TIDAK CUKUP — anggaran di bawah biaya pasar. Sederhanakan desain atau cek ulang target penjualan dengan klien.")) -> SESUAI — anggaran Standard berada di kisaran biaya pasar. Desain kualitas menengah aman.
B23: 4. PEMBAGIAN ANGGARAN STANDARD PER ELEMEN
B24: Elemen | C24: Porsi % | D24: Anggaran | E24: Per m²
B25: Rak / fixture / furnitur display | C25: =INDEX(Parameter!$B$25:$B$33,MATCH($C$6,Parameter!$A$6:$A$14,0)) -> 0.4 | D25: =$D$16*C25 -> 3960000000 | E25: =IF($C$7>0,D25/$C$7,0) -> 1320000
B26: Pencahayaan & listrik | C26: =INDEX(Parameter!$C$25:$C$33,MATCH($C$6,Parameter!$A$6:$A$14,0)) -> 0.17 | D26: =$D$16*C26 -> 1683000000 | E26: =IF($C$7>0,D26/$C$7,0) -> 561000
B27: Lantai, dinding, plafon | C27: =INDEX(Parameter!$D$25:$D$33,MATCH($C$6,Parameter!$A$6:$A$14,0)) -> 0.17 | D27: =$D$16*C27 -> 1683000000 | E27: =IF($C$7>0,D27/$C$7,0) -> 561000
B28: Fasad & signage | C28: =INDEX(Parameter!$E$25:$E$33,MATCH($C$6,Parameter!$A$6:$A$14,0)) -> 0.1 | D28: =$D$16*C28 -> 990000000 | E28: =IF($C$7>0,D28/$C$7,0) -> 330000
B29: Zona khusus / area pelanggan | C29: =INDEX(Parameter!$F$25:$F$33,MATCH($C$6,Parameter!$A$6:$A$14,0)) -> 0.09 | D29: =$D$16*C29 -> 891000000 | E29: =IF($C$7>0,D29/$C$7,0) -> 297000
B30: Cadangan (contingency) | C30: =INDEX(Parameter!$G$25:$G$33,MATCH($C$6,Parameter!$A$6:$A$14,0)) -> 0.07 | D30: =$D$16*C30 -> 693000000 | E30: =IF($C$7>0,D30/$C$7,0) -> 231000
B31: TOTAL | C31: =SUM(C25:C30) -> 1 | D31: =SUM(D25:D30) -> 9900000000 | E31: =SUM(E25:E30) -> 3300000
B33: Catatan: angka indikatif untuk diskusi awal dengan klien, bukan patokan pasti. Validasi dengan penawaran kontraktor.

Sheet Parameter
A1: PARAMETER (acuan industri)
A2: Biasanya tidak perlu diubah. Sel kuning boleh diubah jika Anda punya data yang lebih baik. Angka indikatif (Jabodetabek, kualitas menengah, ±2025–2026), asumsi masa sewa 5 tahun.
A4: TABEL 1 — Faktor K & biaya pasar interior
A5: Kategori usaha | B5: K min | C5: K maks | D5: Biaya pasar min (Rp/m²) | E5: Biaya pasar maks (Rp/m²)
A6: Kafe / resto (F&B) | B6: 0.18 | C6: 0.3 | D6: 4000000 | E6: 8000000
A7: Fashion / aksesoris | B7: 0.2 | C7: 0.35 | D7: 3000000 | E7: 7000000
A8: Salon | B8: 0.2 | C8: 0.35 | D8: 3000000 | E8: 6000000
A9: Klinik kecantikan / kesehatan | B9: 0.2 | C9: 0.35 | D9: 4000000 | E9: 8000000
A10: Furnitur & dekorasi rumah (big-box) | B10: 0.1 | C10: 0.16 | D10: 2500000 | E10: 5000000
A11: Perlengkapan rumah & perkakas (big-box) | B11: 0.09 | C11: 0.13 | D11: 2000000 | E11: 4000000
A12: Apotek / toko kesehatan | B12: 0.04 | C12: 0.08 | D12: 1500000 | E12: 3000000
A13: Minimarket / grocery | B13: 0.04 | C13: 0.07 | D13: 1500000 | E13: 3000000
A14: Elektronik / gadget | B14: 0.04 | C14: 0.09 | D14: 3000000 | E14: 6000000
A15: K = anggaran interior ÷ penjualan setahun. Biaya pasar = biaya interior per m² di MALL.
A17: TABEL 2 — Faktor lokasi (mengali biaya pasar)
A18: Lokasi | B18: Faktor
A19: Mall | B19: 1 | C19: Standar pengelola mall membuat fit-out lebih mahal.
A20: Ruko | B20: 0.85 | C20: Ruko umumnya ±15% lebih murah.
A23: TABEL 3 — Alokasi anggaran per elemen (% dari total)
A24: Kategori usaha | B24: Rak / fixture / furnitur display | C24: Pencahayaan & listrik | D24: Lantai, dinding, plafon | E24: Fasad & signage | F24: Zona khusus / area pelanggan | G24: Cadangan (contingency) | H24: Total
A25: =A6 -> Kafe / resto (F&B) | B25: 0.25 | C25: 0.15 | D25: 0.3 | E25: 0.12 | F25: 0.1 | G25: 0.08 | H25: =SUM(B25:G25) -> 1
A26: =A7 -> Fashion / aksesoris | B26: 0.3 | C26: 0.18 | D26: 0.25 | E26: 0.12 | F26: 0.07 | G26: 0.08 | H26: =SUM(B26:G26) -> 1
A27: =A8 -> Salon | B27: 0.25 | C27: 0.15 | D27: 0.3 | E27: 0.1 | F27: 0.12 | G27: 0.08 | H27: =SUM(B27:G27) -> 1
A28: =A9 -> Klinik kecantikan / kesehatan | B28: 0.2 | C28: 0.15 | D28: 0.3 | E28: 0.1 | F28: 0.17 | G28: 0.08 | H28: =SUM(B28:G28) -> 1
A29: =A10 -> Furnitur & dekorasi rumah (big-box) | B29: 0.32 | C29: 0.18 | D29: 0.24 | E29: 0.1 | F29: 0.08 | G29: 0.08 | H29: =SUM(B29:G29) -> 1
A30: =A11 -> Perlengkapan rumah & perkakas (big-box) | B30: 0.4 | C30: 0.17 | D30: 0.17 | E30: 0.1 | F30: 0.09 | G30: 0.07 | H30: =SUM(B30:G30) -> 1
A31: =A12 -> Apotek / toko kesehatan | B31: 0.35 | C31: 0.15 | D31: 0.25 | E31: 0.1 | F31: 0.07 | G31: 0.08 | H31: =SUM(B31:G31) -> 1
A32: =A13 -> Minimarket / grocery | B32: 0.35 | C32: 0.18 | D32: 0.22 | E32: 0.1 | F32: 0.07 | G32: 0.08 | H32: =SUM(B32:G32) -> 1
A33: =A14 -> Elektronik / gadget | B33: 0.3 | C33: 0.18 | D33: 0.22 | E33: 0.12 | F33: 0.1 | G33: 0.08 | H33: =SUM(B33:G33) -> 1
